{"cameraMode":{"drawMode":0,"name":"Shaded","section":"Shading Mode"},"sceneLighting":true,"audioPlay":false,"sceneViewState":{"showFog":true,"showMaterialUpdate":false,"showSkybox":true,"showFlares":true,"showImageEffects":true,"showParticleSystems":true},"in2DMode":false,"pivot":{"x":1.99169921875,"y":1.06365966796875,"z":0.053955078125},"rotation":{"x":0.00622692983597517,"y":0.9922010898590088,"z":-0.11149154603481293,"w":0.055418748408555987},"size":2.4067494869232179,"orthographic":true}