{"cameraMode":{"drawMode":0,"name":"Shaded","section":"Shading Mode"},"sceneLighting":true,"audioPlay":false,"sceneViewState":{"showFog":false,"showMaterialUpdate":false,"showSkybox":false,"showFlares":false,"showImageEffects":false,"showParticleSystems":false},"in2DMode":false,"pivot":{"x":15.188444137573243,"y":1.1136733293533326,"z":1.391130805015564},"rotation":{"x":0.01659172959625721,"y":0.8364698886871338,"z":-0.025359805673360826,"w":0.5471939444541931},"size":3.172499418258667,"orthographic":false}